{
	"IcoMoonType": "selection",
	"icons": [
		{
			"icon": {
				"paths": [
					"M0 731.429v-73.143q0-8 5.143-13.143t13.143-5.143h128v-67.429h-128q-8 0-13.143-5.143t-5.143-13.143v-85.143q0-7.429 5.143-12.857t13.143-5.429h128v-359.429q0-8 5.143-13.143t13.143-5.143h308q114.286 0 186.571 69.714t72.286 180-72.286 180-186.571 69.714h-194.286v67.429h288.571q8 0 13.143 5.143t5.143 13.143v73.143q0 8-5.143 13.143t-13.143 5.143h-288.571v109.714q0 8-5.429 13.143t-12.857 5.143h-95.429q-8 0-13.143-5.143t-5.143-13.143v-109.714h-128q-8 0-13.143-5.143t-5.143-13.143zM278.286 450.857h182.857q60.571 0 97.714-35.429t37.143-92.571-37.143-92.571-97.714-35.429h-182.857v256z"
				],
				"width": 731,
				"tags": [
					"ruble",
					"rouble",
					"rub"
				],
				"defaultCode": 61784,
				"grid": 14
			},
			"properties": {
				"id": 309,
				"order": 35,
				"prevSize": 28,
				"code": 61784,
				"name": "ruble",
				"ligatures": ""
			},
			"setIdx": 0,
			"iconIdx": 309
		}
	],
	"height": 1024,
	"metadata": {
		"name": "icomoon"
	},
	"preferences": {
		"showGlyphs": true,
		"showQuickUse": true,
		"fontPref": {
			"prefix": "icon-",
			"metadata": {
				"fontFamily": "icomoon"
			},
			"metrics": {
				"emSize": 512,
				"baseline": 6.25,
				"whitespace": 50
			}
		},
		"imagePref": {},
		"historySize": 100,
		"showCodes": true,
		"search": ""
	}
}